{
    "kr-vs-kp": {
        "scores": {
            "accuracy": [
                0.8015625,
                0.9953051643192489,
                0.9827856025039123,
                0.9906103286384976,
                0.9937402190923318
            ],
            "precision": [
                0.81875,
                0.993920972644377,
                0.9785276073619632,
                0.9877675840978594,
                0.9917582417582418
            ],
            "f1": [
                0.8049155145929339,
                0.995433789954338,
                0.9830508474576272,
                0.9907975460122699,
                0.9944903581267218
            ],
            "auc": [
                0.8019192600631605,
                0.9952601756724964,
                0.982732100168515,
                0.9905536501714846,
                0.993203622075513
            ]
        },
        "time": 562.8018248081207
    },
    "credit-g": {
        "scores": {
            "accuracy": [
                0.685,
                0.7,
                0.675,
                0.7,
                0.71
            ],
            "precision": [
                0.7777777777777778,
                0.7531645569620253,
                0.7555555555555555,
                0.7876712328767124,
                0.7718120805369127
            ],
            "f1": [
                0.7804878048780487,
                0.7986577181208053,
                0.758364312267658,
                0.7931034482758622,
                0.7986111111111112
            ],
            "auc": [
                0.6109066372224268,
                0.6,
                0.6305970149253731,
                0.6225198412698413,
                0.6349805401580375
            ]
        },
        "time": 390.757417678833
    },
    "kc1": {
        "scores": {
            "accuracy": [
                0.8601895734597157,
                0.8649289099526066,
                0.8625592417061612,
                0.8412322274881516,
                0.8456057007125891
            ],
            "precision": [
                0.5833333333333334,
                1.0,
                0.6,
                0.5,
                0.7647058823529411
            ],
            "f1": [
                0.3218390804597701,
                0.03389830508474576,
                0.3829787234042553,
                0.1728395061728395,
                0.28571428571428575
            ],
            "auc": [
                0.5971835345094398,
                0.5086206896551724,
                0.6238652234636871,
                0.5423796510405718,
                0.5820741490770309
            ]
        },
        "time": 462.0731496810913
    },
    "adult": {
        "scores": {
            "accuracy": [
                0.8453270549698024,
                0.8473743474255298,
                0.8553439803439803,
                0.8498157248157249,
                0.8445945945945946
            ],
            "precision": [
                0.8023862788963461,
                0.7491228070175439,
                0.7735276259866424,
                0.7714460784313726,
                0.7945109078114004
            ],
            "f1": [
                0.5874965874965875,
                0.6321243523316061,
                0.6432719010350921,
                0.6318695106649937,
                0.5979872881355932
            ],
            "auc": [
                0.7139044134681523,
                0.7444824789394496,
                0.7502607754527393,
                0.7423790922421816,
                0.7200076299082091
            ]
        },
        "time": 4595.598562717438
    },
    "phoneme": {
        "scores": {
            "accuracy": [
                0.876040703052729,
                0.906567992599445,
                0.8880666049953746,
                0.8621646623496763,
                0.8777777777777778
            ],
            "precision": [
                0.9044585987261147,
                0.9158415841584159,
                0.9235836627140975,
                0.8935064935064935,
                0.9228687415426252
            ],
            "f1": [
                0.9137709137709138,
                0.9361163820366856,
                0.9205515430072226,
                0.9022950819672131,
                0.911764705882353
            ],
            "auc": [
                0.8414461838551566,
                0.8682649821071554,
                0.8672869836655821,
                0.8298622679072036,
                0.862227057269407
            ]
        },
        "time": 1407.9552116394043
    },
    "higgs": {
        "scores": {
            "accuracy": [
                0.7209077001529832,
                0.7203977562468129,
                0.7151453340132585,
                0.7214686384497705,
                0.7224885262621111
            ],
            "precision": [
                0.7220249476463626,
                0.7304964539007093,
                0.7264625011851711,
                0.7292972770655937,
                0.7344529750479847
            ],
            "f1": [
                0.7434491163924437,
                0.7406215998864659,
                0.7328550932568149,
                0.7405225653206651,
                0.7377096587622903
            ],
            "auc": [
                0.7182429753445811,
                0.7183370644968095,
                0.7136840550042749,
                0.7196202943980278,
                0.7214457477562912
            ]
        },
        "time": 2318.517740249634
    },
    "Australian": {
        "scores": {
            "accuracy": [
                0.8478260869565217,
                0.8768115942028986,
                0.8333333333333334,
                0.8188405797101449,
                0.8405797101449275
            ],
            "precision": [
                0.8166666666666667,
                0.8214285714285714,
                0.85,
                0.8194444444444444,
                0.8032786885245902
            ],
            "f1": [
                0.8235294117647058,
                0.8440366972477065,
                0.816,
                0.8251748251748252,
                0.8166666666666667
            ],
            "auc": [
                0.8456339841235787,
                0.8751387347391787,
                0.8306638566912539,
                0.8184780323733445,
                0.8393048701995279
            ]
        },
        "time": 48.72380876541138
    },
    "numerai28.6": {
        "scores": {
            "accuracy": [
                0.5037375415282392,
                0.5061254152823921,
                0.5049833887043189,
                0.503218438538206,
                0.5020245016611296
            ],
            "precision": [
                0.5082148499210111,
                0.5129549050632911,
                0.5025202092249168,
                0.5106705775260443,
                0.5069875057843591
            ],
            "f1": [
                0.5737471018369894,
                0.5216210780370072,
                0.5256665340230801,
                0.5134228187919463,
                0.5331646308822814
            ],
            "auc": [
                0.5015184633971492,
                0.5057541889419109,
                0.5051881206475012,
                0.5030143912088101,
                0.5013166473485946
            ]
        },
        "time": 1644.8128726482391
    },
    "MiniBooNE": {
        "scores": {
            "accuracy": [
                0.7207550071118287,
                0.721677622727098,
                0.7173720831891747,
                0.721331641871372,
                0.7157465785022298
            ],
            "precision": [
                0.0,
                0.0,
                0.0,
                0.0,
                0.0
            ],