{
    "kr-vs-kp": {
        "scores": {
            "accuracy": [
                0.4421875,
                0.5054773082942097,
                0.486697965571205,
                0.47104851330203446,
                0.49139280125195617
            ],
            "precision": [
                0.0,
                0.0,
                1.0,
                0.0,
                0.0
            ],
            "f1": [
                0.0,
                0.0,
                0.029585798816568046,
                0.0,
                0.0
            ],
            "auc": [
                0.5,
                0.5,
                0.5075075075075075,
                0.5,
                0.5
            ]
        },
        "time": 2891.0839891433716
    },
    "credit-g": {
        "scores": {
            "accuracy": [
                0.715,
                0.665,
                0.67,
                0.725,
                0.61
            ],
            "precision": [
                0.7793103448275862,
                0.7191011235955056,
                0.6956521739130435,
                0.7258883248730964,
                0.6574585635359116
            ],
            "f1": [
                0.7985865724381624,
                0.7925696594427244,
                0.7950310559006211,
                0.8387096774193549,
                0.7531645569620253
            ],
            "auc": [
                0.6513557737260403,
                0.48683385579937305,
                0.5121552127162226,
                0.5143849206349206,
                0.4638176638176638
            ]
        },
        "time": 2783.799899816513
    },
    "kc1": {
        "scores": {
            "accuracy": [
                0.8436018957345972,
                0.8483412322274881,
                0.8791469194312796,
                0.8293838862559242,
                0.8432304038004751
            ],
            "precision": [
                0.0,
                0.5714285714285714,
                1.0,
                0.0,
                0.0
            ],
            "f1": [
                0.0,
                0.3333333333333333,
                0.13559322033898305,
                0.0,
                0.0
            ],
            "auc": [
                0.5,
                0.6006979062811565,
                0.5363636363636364,
                0.4985754985754986,
                0.5
            ]
        },
        "time": 5734.63055562973
    },
    "adult": {
        "scores": {
            "accuracy": [
                0.8163578667212611,
                0.8179957006858429,
                0.8178746928746928,
                0.8179770679770679,
                0.8198198198198198
            ],
            "precision": [
                0.668158925573587,
                0.6422764227642277,
                0.678479381443299,
                0.6469945355191257,
                0.7167414050822123
            ],
            "f1": [
                0.5710186513629841,
                0.5713596914175506,
                0.5420849420849422,
                0.5711529184756392,
                0.521479064709081
            ],
            "auc": [
                0.7090604691878535,
                0.7130727469812782,
                0.6921175981235862,
                0.7122690573730598,
                0.6794029521008519
            ]
        },
        "time": 6039.452408790588
    },
    "blood-transfusion-service-center": {
        "scores": {
            "accuracy": [
                0.7066666666666667,
                0.36666666666666664,
                0.6666666666666666,
                0.7718120805369127,
                0.5436241610738255
            ],
            "precision": [
                0.8099173553719008,
                0.676923076923077,
                0.765625,
                0.7718120805369127,
                0.7352941176470589
            ],
            "f1": [
                0.8166666666666667,
                0.48087431693989063,
                0.7967479674796748,
                0.8712121212121211,
                0.5952380952380952
            ],
            "auc": [
                0.540796963946869,
                0.35831567796610175,
                0.4465042372881356,
                0.5,
                0.5663265306122449
            ]
        },
        "time": 1719.3588428497314
    },
    "bank-marketing": {
        "scores": {
            "accuracy": [
                0.831693022227137,
                0.8370935633709357,
                0.8560053085600531,
                0.8167440831674408,
                0.8199513381995134
            ],
            "precision": [
                0.9369247428262046,
                0.9339395560310243,
                0.9377436963867949,
                0.9351097611486953,
                0.9396706793967068
            ],
            "f1": [
                0.9009501496811141,
                0.9046046240528463,
                0.9172387490465294,
                0.8910083536144182,
                0.8929651545036161
            ],
            "auc": [
                0.7150386567756165,
                0.7096125302415237,
                0.7102598563199305,
                0.7082493103224069,
                0.7194867705772784
            ]
        },
        "time": 2912.166155099869
    },
    "Amazon_employee_access": {
        "scores": {
            "accuracy": [
                0.9433933475740006,
                0.942325297528227,
                0.9404943545926152,
                0.942325297528227,
                0.9420112925377689
            ],
            "precision": [
                0.9433933475740006,
                0.942325297528227,
                0.9404943545926152,
                0.942325297528227,
                0.9420112925377689
            ],
            "f1": [
                0.9708722619141085,
                0.9703063629222309,
                0.9693348010693505,
                0.9703063629222309,
                0.97013987112997
            ],
            "auc": [
                0.5,
                0.5,
                0.5,
                0.5,
                0.5
            ]
        },
        "time": 11550.9065887928
    },
    "phoneme": {
        "scores": {
            "accuracy": [
                0.8149861239592969,
                0.7983348751156337,
                0.8075855689176689,
                0.7890841813135985,
                0.7981481481481482
            ],
            "precision": [
                0.9071729957805907,
                0.8796561604584527,
                0.8452088452088452,
                0.8206388206388207,
                0.9120715350223547
            ],
            "f1": [
                0.865771812080537,
                0.8492392807745505,
                0.8686868686868687,
                0.8542199488491048,
                0.8488210818307905
            ],
            "auc": [
                0.8047207746389071,
                0.7843016813605048,
                0.7441808994863657,
                0.7247895266868076,
                0.8014179038696436
            ]
        },
        "time": 6424.044755220413
    },
    "higgs": {
        "scores": {
            "accuracy": [
                0.6592044875063743,
                0.6484956654767976,
                0.6532891381947986,
                0.6531871494135645,
                0.6581336053034166
            ],
            "precision": [
                0.6496140581376252,
                0.6409083347196806,
                0.6478405315614618,
                0.6529562982005142,
                0.6510297482837528
            ],
            "f1": [
                0.7030437680515441,
                0.6909384387750526,
                0.701654306902453,
                0.691438682455424,
                0.7038345997526063
            ],