{
    "kr-vs-kp": {
        "scores": {
            "accuracy": [
                0.465625,
                0.594679186228482,
                0.568075117370892,
                0.460093896713615,
                0.4647887323943662
            ],
            "precision": [
                0.0,
                0.9090909090909091,
                0.5582255083179297,
                0.0,
                0.48066298342541436
            ],
            "f1": [
                0.0,
                0.3508771929824562,
                0.6863636363636364,
                0.0,
                0.6041666666666666
            ],
            "auc": [
                0.5,
                0.5976546427101908,
                0.5470943952802361,
                0.5,
                0.463145829659672
            ]
        },
        "time": 889.1627271175385
    },
    "credit-g": {
        "scores": {
            "accuracy": [
                0.685,
                0.755,
                0.69,
                0.57,
                0.68
            ],
            "precision": [
                0.7425149700598802,
                0.7537688442211056,
                0.69,
                0.6285714285714286,
                0.6871794871794872
            ],
            "f1": [
                0.7974276527331189,
                0.8595988538681949,
                0.8165680473372781,
                0.7189542483660131,
                0.8072289156626505
            ],
            "auc": [
                0.5466269841269842,
                0.51,
                0.5,
                0.4488328354906516,
                0.5049241107635268
            ]
        },
        "time": 1030.0714876651764
    },
    "kc1": {
        "scores": {
            "accuracy": [
                0.8483412322274881,
                0.8886255924170616,
                0.8270142180094787,
                0.8151658767772512,
                0.7553444180522565
            ],
            "precision": [
                0.0,
                0.0,
                0.0,
                0.0,
                0.16363636363636364
            ],
            "f1": [
                0.0,
                0.0,
                0.0,
                0.0,
                0.1487603305785124
            ],
            "auc": [
                0.4986072423398329,
                0.49867021276595747,
                0.5,
                0.5,
                0.5033930857874519
            ]
        },
        "time": 1697.9960956573486
    },
    "adult": {
        "scores": {
            "accuracy": [
                0.8314054662708568,
                0.8155389497389702,
                0.8149058149058149,
                0.8191031941031941,
                0.8091728091728092
            ],
            "precision": [
                0.7108947048082775,
                0.6847323198942499,
                0.6374108612177729,
                0.7226502311248074,
                0.6307262569832403
            ],
            "f1": [
                0.5864925935224704,
                0.5348477026329376,
                0.5624394966118103,
                0.5149601976393082,
                0.5477923338185346
            ],
            "auc": [
                0.717603340109734,
                0.6872036355261845,
                0.7073151910972127,
                0.6757510440522699,
                0.6976209566920741
            ]
        },
        "time": 13849.48063325882
    },
    "phoneme": {
        "scores": {
            "accuracy": [
                0.8103607770582794,
                0.8075855689176689,
                0.81313598519889,
                0.8066604995374653,
                0.8009259259259259
            ],
            "precision": [
                0.8707124010554089,
                0.8818061088977424,
                0.9066265060240963,
                0.8614379084967321,
                0.8938307030129125
            ],
            "f1": [
                0.8655737704918033,
                0.8645833333333334,
                0.8563300142247511,
                0.8631303208906352,
                0.8528405201916495
            ],
            "auc": [
                0.7741967629692987,
                0.7746813580532627,
                0.814214949629877,
                0.7662704975357705,
                0.7906339054940685
            ]
        },
        "time": 4144.260428190231
    },
    "blood-transfusion-service-center": {
        "scores": {
            "accuracy": [
                0.7066666666666667,
                0.3933333333333333,
                0.74,
                0.7583892617449665,
                0.7516778523489933
            ],
            "precision": [
                0.7664233576642335,
                0.6792452830188679,
                0.74,
                0.7583892617449665,
                0.847457627118644
            ],
            "f1": [
                0.8267716535433071,
                0.44171779141104295,
                0.8505747126436781,
                0.8625954198473283,
                0.8438818565400844
            ],
            "auc": [
                0.46386946386946387,
                0.45113636363636356,
                0.5,
                0.5,
                0.6201680672268908
            ]
        },
        "time": 1167.6448588371277
    },
    "bank-marketing": {
        "scores": {
            "accuracy": [
                0.844741789229238,
                0.8422915284229153,
                0.8259234682592347,
                0.8103295731032958,
                0.8240433532404335
            ],
            "precision": [
                0.9344955097728473,
                0.9330755899213439,
                0.9414681173392094,
                0.953125,
                0.9485706278026906
            ],
            "f1": [
                0.9097454358446903,
                0.9075466804979253,
                0.8967598058507149,
                0.8857656697528808,
                0.8948377288650936
            ],
            "auc": [
                0.7089530808548163,
                0.7173813369228421,
                0.7270119174492855,
                0.7509628044919116,
                0.7485045005418828
            ]
        },
        "time": 3891.834215402603
    },
    "Amazon_employee_access": {
        "scores": {
            "accuracy": [
                0.9401891974366798,
                0.9452242905096124,
                0.9406469331705829,
                0.9371376258773269,
                0.9475049595605066
            ],
            "precision": [
                0.9401891974366798,
                0.9452242905096124,
                0.9406378757820846,
                0.9371376258773269,
                0.9475049595605066
            ],
            "f1": [
                0.9691726958162944,
                0.9718409287002903,
                0.9694110246127231,
                0.967548834278513,
                0.973044977276289
            ],
            "auc": [
                0.5,
                0.5,
                0.5012820512820513,
                0.5,
                0.5
            ]
        },
        "time": 6801.3430716991425
    },
    "higgs": {
        "scores": {
            "accuracy": [
                0.6648138704742478,
                0.6529321774604794,
                0.6719530851606323,
                0.6718001019887813,
                0.6602243753187149
            ],
            "precision": [
                0.6572164948453608,
                0.6568891280947255,
                0.6695674430509342,
                0.67367594450746,
                0.6693043798306956
            ],
            "f1": [
                0.7063396327570031,
                0.6827335446578408,
                0.7092954945998463,
                0.7058232013895237,
                0.6858705388713404
            ],