{
    "kr-vs-kp": {
        "scores": {
            "accuracy": [
                0.609375,
                0.5352112676056338,
                0.7433489827856025,
                0.6244131455399061,
                0.6791862284820032
            ],
            "precision": [
                0.578125,
                0.5901639344262295,
                0.7389033942558747,
                0.5895833333333333,
                0.6942148760330579
            ],
            "f1": [
                0.6744791666666666,
                0.42105263157894735,
                0.7753424657534248,
                0.7022332506203475,
                0.7108603667136814
            ],
            "auc": [
                0.609375,
                0.5422771403353926,
                0.7365481031147605,
                0.619352594131598,
                0.6747420544891397
            ]
        },
        "time": 433.32487058639526
    },
    "credit-g": {
        "scores": {
            "accuracy": [
                0.7,
                0.75,
                0.72,
                0.63,
                0.62
            ],
            "precision": [
                0.7109826589595376,
                0.7539267015706806,
                0.7405405405405405,
                0.7202797202797203,
                0.6741573033707865
            ],
            "f1": [
                0.8039215686274511,
                0.8520710059171597,
                0.8303030303030303,
                0.7357142857142858,
                0.759493670886076
            ],
            "auc": [
                0.589271686679385,
                0.5463996919522526,
                0.5360501567398119,
                0.5584520912988067,
                0.4670406732117812
            ]
        },
        "time": 601.3140165805817
    },
    "kc1": {
        "scores": {
            "accuracy": [
                0.1990521327014218,
                0.8341232227488151,
                0.8554502369668247,
                0.8483412322274881,
                0.8408551068883611
            ],
            "precision": [
                0.14871794871794872,
                0.0,
                0.0,
                0.6666666666666666,
                0.0
            ],
            "f1": [
                0.2555066079295154,
                0.0,
                0.0,
                0.05882352941176471,
                0.0
            ],
            "auc": [
                0.48943784916201116,
                0.5,
                0.5,
                0.5139840551605257,
                0.49859154929577465
            ]
        },
        "time": 1277.5943720340729
    },
    "adult": {
        "scores": {
            "accuracy": [
                0.8224997440884431,
                0.8055072167059064,
                0.8133701883701884,
                0.8136773136773137,
                0.835995085995086
            ],
            "precision": [
                0.6745195288282703,
                0.6347452424800492,
                0.6595342983008181,
                0.687910643889619,
                0.7038698822209759
            ],
            "f1": [
                0.5565217391304347,
                0.5211693548387097,
                0.5348303138555754,
                0.5350025549310168,
                0.6104085603112841
            ],
            "auc": [
                0.7016994923552645,
                0.6809942533332337,
                0.6885254008242097,
                0.6866554911889959,
                0.7339402985126314
            ]
        },
        "time": 5847.477473974228
    },
    "phoneme": {
        "scores": {
            "accuracy": [
                0.8112858464384829,
                0.7631822386679001,
                0.81313598519889,
                0.7770582793709528,
                0.8046296296296296
            ],
            "precision": [
                0.8586387434554974,
                0.8024539877300614,
                0.9298780487804879,
                0.845859872611465,
                0.8527918781725888
            ],
            "f1": [
                0.8654353562005278,
                0.8363171355498722,
                0.8579465541490858,
                0.8463989802421926,
                0.8643086816720258
            ],
            "auc": [
                0.7720364741641337,
                0.6941122299612335,
                0.8251564507439181,
                0.7197656840513983,
                0.7527668897951022
            ]
        },
        "time": 2120.6740674972534
    },
    "nomao": {
        "scores": {
            "accuracy": [
                0.8518787175395328,
                0.8707384302916001,
                0.8582620049325402,
                0.8518787175395328,
                0.847961700275642
            ],
            "precision": [
                0.663447782546495,
                0.7036625971143174,
                0.6829357798165138,
                0.6642027455121436,
                0.6614065180102916
            ],
            "f1": [
                0.7841893891354892,
                0.810223642172524,
                0.792083422004682,
                0.7870698644421271,
                0.7862969004893964
            ],
            "auc": [
                0.884431029432765,
                0.8956916218229376,
                0.8835551846704865,
                0.8862774259476359,
                0.8840335241052543
            ]
        },
        "time": 1017.2605299949646
    },
    "blood-transfusion-service-center": {
        "scores": {
            "accuracy": [
                0.7466666666666667,
                0.76,
                0.7733333333333333,
                0.4966442953020134,
                0.6442953020134228
            ],
            "precision": [
                0.7482993197278912,
                0.76,
                0.7733333333333333,
                0.9230769230769231,
                0.8333333333333334
            ],
            "f1": [
                0.8527131782945737,
                0.8636363636363636,
                0.8721804511278195,
                0.489795918367347,
                0.7623318385650224
            ],
            "auc": [
                0.5211365211365211,
                0.5,
                0.5,
                0.6300813008130082,
                0.5476682408500589
            ]
        },
        "time": 13.466720819473267
    },
    "bank-marketing": {
        "scores": {
            "accuracy": [
                0.8256109698109034,
                0.8449458084494581,
                0.8400796284007963,
                0.860650298606503,
                0.8218314532183145
            ],
            "precision": [
                0.952917958838455,
                0.9472259810554804,
                0.9498207885304659,
                0.9432567959883874,
                0.9494334277620397
            ],
            "f1": [
                0.8955421606941776,
                0.9089728606674456,
                0.9050308682516747,
                0.9190023142195937,
                0.8927215822068322
            ],
            "auc": [
                0.7617646988148675,
                0.7475243445511344,
                0.7620440232402192,
                0.7459142811905672,
                0.7566853288036097
            ]
        },
        "time": 75.09234762191772
    },
    "Amazon_employee_access": {
        "scores": {
            "accuracy": [
                0.9465974977113213,
                0.9409520903265182,
                0.9398840402807446,
                0.9436985047299359,
                0.9394170608881428
            ],
            "precision": [
                0.9465974977113213,
                0.9409520903265182,
                0.9398840402807446,
                0.9436985047299359,
                0.9394170608881428
            ],